Algorithm,Q1P1,Q1P2,Q1P3,Q2P1,Q2P2,Q2P3,Q3P1,Q3P2,Q3P3,Q3P4,Q4P1,Q4P2,Q4P3
HASH_JOIN,172.20137079282517,74.16925867358121,48.83511947407163,2864.8115794200003,2775.7644159800006,2624.5893185000004,2835.62617042,2599.1130878000004,2620.0788667400006,902.5229259800003,2985.290858079999,1520.0154932600003,1357.28560475
LIP,172.66731385141028,68.42563082485215,44.31497956182259,881.9755795399999,811.7258248266667,779.7937428999999,1105.96455171,772.9341453933334,734.4547222683336,718.7388129399999,1164.4626276399997,949.2142334399999,791.1435787833332
TTJHP,124.90146505292296,47.096626302843646,33.459960026292954,570.1855267799998,480.66214914100004,459.54056046399995,706.0375416799999,479.54049587199995,465.9081742369999,400.6236532946668,725.8208950600002,592.9892663083334,528.6425827999999
YannakakisB,262.8959402719445,84.98662338667042,55.30190148687072,1543.05915455,1369.5531409400003,1290.1159742300001,1961.7807774799994,1345.7059347800002,1269.4711121799994,868.6257985133334,1889.3915463699998,1201.3097252600005,1080.27700093
Yannakakis,302.9981107754047,89.0382099012026,59.249238868134036,1906.90677788,1595.69831767,1563.6875850799995,2477.4909542200003,1551.46382208,1489.5563160800004,938.1924616133335,2272.4794342399996,1442.3922351499998,1190.97656463
YannakakisB perf improv over HJ,-0.5266773955489217,-0.1458470113702553,-0.1324207267729229,0.46137499386175956,0.5066032502414398,0.5084503449220298,0.308166641306802,0.4822441774093551,0.5154836259720982,0.03755818992615603,0.36709967765580837,0.20967271018828018,0.20409013611473653
Yannakakis perf improv over HJ,-0.7595569035274441,-0.20047323505092082,-0.21325061771563072,0.33436921590980667,0.42513193537477173,0.4042162809785133,0.12629845920308827,0.40307952379508627,0.43148416828636854,-0.03952202720457392,0.23877453076664254,0.05106741244033028,0.12253061517633396
TTJHP perf improv over HJ,0.274677869996799,0.365011500113331,0.31483816592159497,0.800969274602193,0.8268361153512016,0.8249095364273464,0.7510117698005924,0.8154984105451512,0.8221778053510655,0.5561069511229851,0.7568676120467489,0.609879459164893,0.6105148533588322
LIP perf improv over HJ,-0.002705803423282185,0.07743946685522042,0.09255920659002283,0.692134873415109,0.7075667444421497,0.7028892339828366,0.6099751923413129,0.7026161927999918,0.7196822081992633,0.20363373355911074,0.609933275182128,0.3755233169339572,0.4171134092820097
