Algorithm,Q1P1,Q1P2,Q1P3,Q2P1,Q2P2,Q2P3,Q3P1,Q3P2,Q3P3,Q3P4,Q4P1,Q4P2,Q4P3
HASH_JOIN,172.20137079282517,74.16925867358121,48.83511947407163,2864.8115794200003,2775.7644159800006,2624.5893185000004,2835.62617042,2599.1130878000004,2620.0788667400006,902.5229259800003,2985.290858079999,1520.0154932600003,1357.28560475
LIP,299.78243743642855,118.80093763257491,69.98630661386485,2136.3904948699997,1932.15856587,3342.9426098199992,3569.083200100001,1819.4312369800004,3082.6068831799994,1775.5884323099997,3277.670427900001,2176.1998453399997,2170.28230898
TTJHP,124.90146505292296,47.096626302843646,33.459960026292954,570.1855267799998,480.66214914100004,459.54056046399995,706.0375416799999,479.54049587199995,465.9081742369999,400.6236532946668,725.8208950600002,592.9892663083334,528.6425827999999
Yannakakis,467.166042932,146.62871342192307,84.23227686518827,5159.74145184,4922.869011320001,4840.9305799,6068.2415685000005,5051.93461342,4825.9833820799995,3227.2193310800003,6158.168787379997,4370.56670118,4011.64780796
Yannakakis perf improv over HJ,-1.7129054825820504,-0.9769472695855813,-0.7248299537776353,-0.8010753268752926,-0.7735183083186661,-0.8444525952222798,-1.1400005514835547,-0.9437148145393595,-0.8419229448938944,-2.5757754603028387,-1.0628371170977446,-1.8753435215363357,-1.955640134928647
TTJHP perf improv over HJ,0.274677869996799,0.365011500113331,0.31483816592159497,0.800969274602193,0.8268361153512016,0.8249095364273464,0.7510117698005924,0.8154984105451512,0.8221778053510655,0.5561069511229851,0.7568676120467489,0.609879459164893,0.6105148533588322
LIP perf improv over HJ,-0.7408829909786008,-0.6017544162793598,-0.4331142703771446,0.2542649191251434,0.30391838920240655,-0.27370121727484226,-0.258657871524498,0.29997996411920486,-0.17653209691946917,-0.967361028953348,-0.09794006136073688,-0.4316958313843702,-0.5989872001771851
