Algorithm,Query3W,Query7W,Query8W,Query9W,Query10W,Query11W,Query12W,Query14W,Query15W,Query16W,Query18W,Query19W,Query20W
HASH_JOIN,1047.6226581899998,2158.2876469033336,2949.16153926,4734.1065475,535.1605788370001,188.4187409194382,388.0062030113333,106.12465300624973,57.64217676482014,420.2852390237143,1286.9775380199994,312.258292350207,114.09037534786377
TTJHP,1022.2055728933333,2014.8328013566668,1377.8178671800001,4778.458101440001,514.2553175130001,188.33138705734268,392.24892246580947,107.19710956434176,57.33728585768254,413.1711003476666,1296.77830311,312.35753421148866,112.7271509675576
Yannakakis,3329.66319426,2951.0795505099995,3019.6610968999994,16465.894530860005,1808.5866847100003,460.2114492060001,1089.8337258066667,258.69504673607923,65.67425912194624,1299.5347574899997,5261.660329560001,639.1049616030302,121.92884337440358
Yannakakis perf improv over HJ,-2.1783039133696582,-0.3673244874213812,-0.023904949492081367,-2.478141939909519,-2.379521504817084,-1.4424929651916727,-1.8088049040155,-1.4376526981044129,-0.13934384174797837,-2.092030451768196,-3.0883855188762706,-1.0467189415301579,-0.0687040252312272
TTJHP perf improv over HJ,0.02426167962096216,0.06646697244108904,0.5328103093580556,-0.009368516212087091,0.03906352999585818,4.6361557066587855E-4,-0.010934669140720535,-0.010105630762617156,0.00528937184974048,0.01692692965513909,-0.007615335000390887,-3.178197784107277E-4,0.011948636124210009
